model,accuracy,precision,recall,f1,train_rows,seconds
SVC_linear,0.48333333333333334,0.4635354141656663,0.40023686477174847,0.41511387163561075,200,0.07453870000608731
LogisticRegression,0.5666666666666667,0.4104406130268199,0.3873815676141258,0.38334796646652314,480,0.04632059999858029
DecisionTree,0.525,0.37831863568495705,0.38608957795004306,0.38146970499911675,480,0.0548836000089068
BaggingTree,0.525,0.3658739690020847,0.3768303186907838,0.37098536698780826,480,0.17533490000641905
RandomForest,0.5166666666666667,0.36246590289143477,0.3629414298018949,0.3598849273721939,480,0.4922348999971291
SGDClassifier,0.5166666666666667,0.3568166068166068,0.34776055124892336,0.34453257640067914,480,0.09376150000025518
SVC_poly,0.55,0.4452160493827161,0.3489448751076658,0.33978969928337016,200,0.06550460000289604
SVC_rbf,0.55,0.40368217054263567,0.34442291128337643,0.3253875968992248,200,0.09011360000295099
